{"cameraMode":{"drawMode":0,"name":"Shaded","section":"Shading Mode"},"sceneLighting":true,"audioPlay":false,"sceneViewState":{"showFog":true,"showMaterialUpdate":false,"showSkybox":true,"showFlares":true,"showImageEffects":true,"showParticleSystems":true},"in2DMode":false,"pivot":{"x":4.557187080383301,"y":3.7404396533966066,"z":-3.478464126586914},"rotation":{"x":-0.0031176405027508737,"y":0.9953771233558655,"z":-0.034662626683712009,"w":-0.08952473849058151},"size":10.0,"orthographic":false}